title,company,location,salary,source
Data Engineer F/H,JEMS,45 - 55 k€ brut annuel,CDI,APEC
DATA ENGINEER F/H,REALISATION DE SYSTEMES INFORMATIQUES INTEGRES - RS21,A partir de 40 k€ brut annuel,CDI,APEC
Data Engineer ou Architecte Data F/H,CIORANE,50 - 71 k€ brut annuel,CDI,APEC
Data Engineer F/H,HN SERVICES,A partir de 45 k€ brut annuel,CDI,APEC
Data Engineer Big Data F/H,DGTL PERFORMANCE,45 - 50 k€ brut annuel,CDI,APEC
Data Engineer F/H,HOLIMEET - TIMTEK,A partir de 32 k€ brut annuel,CDI,APEC
Data Analyst/ Data Engineer F/H,ICSIS NORD,A partir de 35 k€ brut annuel,CDI,APEC
Data Engineer F/H,VISIAN,35 - 55 k€ brut annuel,CDI,APEC
Data Engineer F/H,INFOGENE NORD,32 - 48 k€ brut annuel,CDI,APEC
Data engineer F/H,LUTESSA,A partir de 60 k€ brut annuel,CDI,APEC
Data Engineer F/H,KAIZEN SOLUTIONS,40 - 50 k€ brut annuel,CDI,APEC
Data Engineer F/H,DATA PRAXIS,42 - 48 k€ brut annuel,CDI,APEC
Data Engineer F/H,EFFEKTIV,50 - 55 k€ brut annuel,CDI,APEC
Data Engineer F/H,AKKODIS FRANCE SAS,40 - 45 k€ brut annuel,CDI,APEC
Data Engineer F/H,LE TELEGRAMME,40 - 50 k€ brut annuel,CDI,APEC
DATA ENGINEER F/H,ATIDA,A partir de 35 k€ brut annuel,CDI,APEC
Data Engineer F/H,DATATORII,40 - 60 k€ brut annuel,CDI,APEC
DATA Engineer F/H,SMILE GROUP,A partir de 44 k€ brut annuel,CDI,APEC
Data Engineer F/H,ACASS,46 - 58 k€ brut annuel,CDI,APEC
Data Engineer F/H,INFOGENE,A partir de 40 k€ brut annuel,CDI,APEC
Data Engineer F/H,FORTIL,35 - 50 k€ brut annuel,CDI,APEC
Data Engineer F/H,FACEEL-IT,32 - 48 k€ brut annuel,CDI,APEC
Data engineer F/H,AMILTONE,A partir de 35 k€ brut annuel,CDI,APEC
Data Engineer F/H,CTS CORPORATE,A partir de 45 k€ brut annuel,CDI,APEC
Data Engineer F/H,LINK CONSULTING,A partir de 38 k€ brut annuel,CDI,APEC
Data engineer F/H,DAVIDSON MIDI-PYRENEES,32 - 48 k€ brut annuel,CDI,APEC
DATA ENGINEER F/H,ARIAL INDUSTRIES,38 - 45 k€ brut annuel,CDI,APEC
Data Engineer F/H,GIO RECRUTEMENT BIARRITZ,A partir de 40 k€ brut annuel,CDI,APEC
Data Engineer F/H,MICHAEL PAGE INTERNATIONAL FRANCE,50 - 55 k€ brut annuel,CDI,APEC
Data engineer F/H,DAVIDSON LYON,32 - 48 k€ brut annuel,CDI,APEC
Data Engineer F/H,GIREVE,55 - 58 k€ brut annuel,CDI,APEC
Data Engineer F/H,TECHNA FRANCE NUTRITION,A partir de 38 k€ brut annuel,CDI,APEC
Lead Data Engineer F/H,KAINO,65 - 85 k€ brut annuel,CDI,APEC
Data Engineer Azure - F/H,VISIAN,A partir de 40 k€ brut annuel,CDI,APEC
DATA ENGINEER F/H,MERCATO DE L'EMPLOI,A négocier,CDI,APEC
Data Engineer F/H,COENGI,A négocier,CDI,APEC
Data Engineer Snowflake F/H,JEMS,40 - 55 k€ brut annuel,CDI,APEC
Data Engineer F/H,REEL IT,A négocier,CDI,APEC
Data Engineer Oracle F/H,CIORANE,40 - 48 k€ brut annuel,CDI,APEC
Data Engineer F/H,(CONFIDENTIELLE),48 - 54 k€ brut annuel,CDI,APEC
Data Engineer F/H,LYDIA CHERFI,A négocier,CDI,APEC
DATA ENGINEER F/H,TOUTATIS INTERIM S.A.,A négocier,Mission d'intérim,APEC
Data Engineer Senior F/H,NORSYS,45 - 50 k€ brut annuel,CDI,APEC
Data Engineer – Plateforme Data Cloud F/H,W.G. CONSULTING,50 - 55 k€ brut annuel,CDD,APEC
Data Engineer - Confirmé F/H,MAY PARTNERS CONSEIL,A partir de 50 k€ brut annuel,CDI,APEC
Data Engineer F/H,KLANIK,A négocier,CDI,APEC
Data Engineer F/H,NEXTON,A négocier,CDI,APEC
Data Engineer F/H,NOVARES,A négocier,CDI,APEC
Data Engineer – GCP F/H,CELAD,A partir de 45 k€ brut annuel,CDI,APEC
Data engineer confirmé F/H,ATOL CONSEILS ET DEVELOPPEMENTS,38 - 45 k€ brut annuel,CDI,APEC
DATA ENGINEER GCP - F/H,UCASE CONSULTING,A partir de 40 k€ brut annuel,CDI,APEC
Data engineer F/H,AKKODIS INGENIERIE PRODUIT SAS,A négocier,CDI,APEC
Data engineer F/H,AKKODIS DIGITAL SAS,A négocier,CDI,APEC
Data Engineer F/H,BS DIGITAL,A négocier,CDI,APEC
Data Engineer F/H,VIVERIS,A négocier,CDI,APEC
Senior Data Engineer F/H,APPROACH PEOPLE RECRUITMENT SARL,60 - 70 k€ brut annuel,CDI,APEC
Data Engineer F/H,PROBAYES,A négocier,CDI,APEC
Data Engineer IA F/H,BUREAU DES TALENTS,50 - 90 k€ brut annuel,CDI,APEC
Lead Data Engineer F/H,BLUETHINK,50 - 85 k€ brut annuel,CDI,APEC
Data-engineer confirmé F/H,ATOL CONSEILS ET DEVELOPPEMENTS,38 - 45 k€ brut annuel,CDI,APEC
Data engineer F/H,ORANGE BUSINESS SERVICES,A négocier,CDI,APEC
Data Engineer Spark F/H,DGTL PERFORMANCE,40 - 45 k€ brut annuel,CDI,APEC
Date-IA engineer F/H,SABENA TECHNICS,A partir de 50 k€ brut annuel,CDI,APEC
Data Engineer F/H,COPERBEE,A négocier,CDI,APEC
Data Engineer - CDI- F/H,AGS- LA GARANTIE DES SALAIRES,A partir de 60 k€ brut annuel,CDI,APEC
Data Engineer Teradata F/H,HN SERVICES,A partir de 45 k€ brut annuel,CDI,APEC
Data Engineer - Lyon F/H,DRAKS,A partir de 45 k€ brut annuel,CDI,APEC
Data engineer F/H,DAVIDSON CONSULTING,A négocier,CDI,APEC
Data engineer - BI F/H,HAYS FRANCE,45 - 60 k€ brut annuel,CDI,APEC
Data Engineer - Databricks F/H,AKKODIS FRANCE SAS,40 - 45 k€ brut annuel,CDI,APEC
Data Engineer Databricks F/H,DATATORII,40 - 60 k€ brut annuel,CDI,APEC
Data Engineer F/H,NOVEOCARE,A négocier,CDI,APEC
Alternance - Data Analyst / Data Engineer F/H,PROGRAMISTO,A partir de 12 k€ brut annuel,CDI et Alternance - Contrat d'apprentissage,APEC
Data Engineer Banque F/H,CELAD,A partir de 45 k€ brut annuel,CDI,APEC
Data Engineer – GCP F/H,CELAD-AIX-EN-PROVENCE,45 - 55 k€ brut annuel,CDI,APEC
Data Engineer F/H,RANDSTAD DIGITAL FRANCE,A négocier,CDI,APEC
Data Engineer Airflow F/H,AGAP2IT,45 - 60 k€ brut annuel,CDI,APEC
Data / IA Engineer F/H,CITECH,60 - 70 k€ brut annuel,CDI,APEC
Lead Data Engineer F/H,TEAM IS,50 - 82 k€ brut annuel,CDI,APEC
IA Data Engineer F/H,TEAM IS,45 - 60 k€ brut annuel,CDD,APEC
Data Engineer - Data Solutions F/H,JCDECAUX,A négocier,CDI,APEC
DATA ENGINEER DATABRICKS F/H,AQUISIT,45 - 55 k€ brut annuel,CDI,APEC
Data Engineer F/H,RESERVOIR JOBS,45 - 55 k€ brut annuel,CDI,APEC
Data Engineer / BI F/H,HAYS FRANCE,A partir de 46 k€ brut annuel,CDI,APEC
Data Engineer Banque F/H,CELAD-PARIS,45 - 50 k€ brut annuel,CDI,APEC
Data Engineer Confirmé F/H,SOCOTEC,48 - 58 k€ brut annuel,CDI,APEC
